1,1,1,豊洲,2020-08-30 00:00:00,2020-08-30 00:00:00
1,1,2,月島,2020-08-30 00:00:00,2020-08-30 00:00:00
1,1,3,新宿,2020-08-30 00:00:00,2020-08-30 00:00:00
1,2,1,梅田,2020-08-30 00:00:00,2020-08-30 00:00:00
1,2,2,難波,2020-08-30 00:00:00,2020-08-30 00:00:00
1,2,3,天王寺,2020-08-30 00:00:00,2020-08-30 00:00:00
1,3,1,名古屋駅,2020-08-30 00:00:00,2020-08-30 00:00:00
1,3,2,栄,2020-08-30 00:00:00,2020-08-30 00:00:00
2,1,1,居酒屋,2020-08-30 00:00:00,2020-08-30 00:00:00
2,1,2,洋食,2020-08-30 00:00:00,2020-08-30 00:00:00
2,1,3,イタリアン,2020-08-30 00:00:00,2020-08-30 00:00:00
3,1,1,友人と,2020-08-30 00:00:00,2020-08-30 00:00:00
3,1,2,家族と,2020-08-30 00:00:00,2020-08-30 00:00:00
3,1,3,同僚と,2020-08-30 00:00:00,2020-08-30 00:00:00
4,1,1,1人,2020-08-30 00:00:00,2020-08-30 00:00:00
4,1,2,2人,2020-08-30 00:00:00,2020-08-30 00:00:00
4,1,3,3人,2020-08-30 00:00:00,2020-08-30 00:00:00
5,1,1,1,2020-08-30 00:00:00,2020-08-30 00:00:00
5,1,2,2,2020-08-30 00:00:00,2020-08-30 00:00:00
5,1,3,3,2020-08-30 00:00:00,2020-08-30 00:00:00
5,1,4,4,2020-08-30 00:00:00,2020-08-30 00:00:00
5,1,5,5,2020-08-30 00:00:00,2020-08-30 00:00:00
6,1,1,IT,2020-08-30 00:00:00,2020-08-30 00:00:00
6,1,2,不動産,2020-08-30 00:00:00,2020-08-30 00:00:00
6,1,3,飲食,2020-08-30 00:00:00,2020-08-30 00:00:00
6,1,4,製造業,2020-08-30 00:00:00,2020-08-30 00:00:00
7,1,1,エンジニア,2020-08-30 00:00:00,2020-08-30 00:00:00
7,1,2,営業,2020-08-30 00:00:00,2020-08-30 00:00:00
7,1,3,広報,2020-08-30 00:00:00,2020-08-30 00:00:00
7,1,4,事務,2020-08-30 00:00:00,2020-08-30 00:00:00
